name,left_seq,right_seq,left_tm,right_tm,left_gc_pct,right_gc_pct,left_self_any_th,right_self_any_th,left_self_end_th,right_self_end_th,left_hairpin_th,right_hairpin_th,left_end_stability,right_end_stability,F_bind_plus,F_bind_minus,R_bind_plus,R_bind_minus,F_Tm,F_Dg,R_Tm,R_Dg,hairpins,dimers,amplicons,off_target_binding
sequence_0,ATTCGGTGTGCACGACGT,AATCACCCGACAGCGCAA,59.97151644140297,59.968080561010254,55.55555555555556,55.55555555555556,25.463606142246647,11.474844697142487,10.506166109902097,0.0,40.45277302790993,35.82849863678064,4.34,4.85,1,0,0,1,60.46,-21.32,60.46,-21.14,0,1,1,0
sequence_1,TGCCACAGCCACCCAAAA,TCCAAAACGCACGGTTGC,60.04253712573927,59.59034881739967,55.55555555555556,55.55555555555556,0.0,0.0,0.0,0.0,38.69417249923424,46.208385594574224,2.44,4.17,1,0,0,1,60.55,-20.88,60.07,-21.16,0,0,1,0
sequence_2,GCAAGGTTGCGGGCTTTT,AATAACGGGCGCGATGCT,59.57868558832217,60.20301473528218,55.55555555555556,55.55555555555556,0.0,30.9819414023803,0.0,12.892152109102994,45.10681317159515,45.43355699410307,2.27,3.79,1,0,0,1,60.07,-20.95,60.69,-21.32,0,0,1,0
sequence_3,TTTGGTCCGCTCGCAACT,AGCGCGGCAGGAATACTT,59.8897872831767,59.41539229897353,55.55555555555556,55.55555555555556,0.0,8.834562170276627,0.0,0.0,0.0,0.0,3.16,2.24,1,0,0,1,60.38,-21.09,59.91,-20.85,0,0,1,0
sequence_4,ATGCAATGCGCTCCACCA,AGCAACGCGAGGGCATAT,60.361483462947945,59.49401766374274,55.55555555555556,55.55555555555556,9.732052967213463,15.932075668652544,0.0,0.0,43.058734183459194,39.91974699533557,4.17,1.78,1,0,0,1,60.86,-21.24,59.99,-20.9,0,0,1,0
sequence_5,TCAAGCCTGGTTGCACCT,ACCGCGCATGATAGCAGA,59.07375020454191,59.18539610220279,55.55555555555556,55.55555555555556,4.257727590353397,8.74883535431286,0.0,0.0,39.58437925995179,0.0,4.0,4.26,1,0,0,1,59.58,-20.48,59.68,-20.86,0,0,1,0
sequence_6,AAACGGGACCAGTGCGTT,TGAGTGGCGCGTTAACGT,59.80889124811125,59.97210281997741,55.55555555555556,55.55555555555556,0.0,27.27720453853567,0.0,8.0466623697086,0.0,42.21607397459013,4.84,3.99,1,0,0,1,60.31,-20.99,60.46,-21.33,0,0,1,0
sequence_7,GGGTGAGAAATGGCGCTT,ATTGCGCCGTAACCGACT,57.99720299279454,59.736460480929054,55.55555555555556,55.55555555555556,7.639043902814308,4.184181152708902,0.0,0.0,0.0,35.62759625747583,4.68,4.18,1,0,0,1,58.48,-20.23,60.22,-21.12,0,0,1,0
sequence_8,AAAGGCGCACCAGACAGT,TCAGCCTCGTAGTCGCAA,59.48909368365122,58.32378400813707,55.55555555555556,55.55555555555556,10.831736447932826,0.0,0.0,0.0,39.06260191591997,36.95624968114657,3.55,4.85,1,0,0,1,59.99,-20.81,58.81,-20.47,0,0,1,0
sequence_9,ACCACATGGGCGCAAGTT,TGCCGACCTTGTGTGCTT,60.20348001144214,59.80809205886584,55.55555555555556,55.55555555555556,10.831736447932826,0.0,0.0,0.0,42.05285262679172,0.0,2.66,3.91,1,0,0,1,60.71,-21.09,60.31,-20.99,0,0,1,0
